# PKCl(GPa),aKCl(Å),T (K),phase,ahcp (Å),chcp (Å),afcc (Å),PFe(GPa)
 51.5 , 3.128 ,1945,e, 2.398 , 3.870 ,, 50.4 
 51.4 , 3.128 ,1889,e, 2.396 , 3.870 ,, 50.5 
 51.3 , 3.128 ,1815,e, 2.394 , 3.859 ,, 51.4 
 51.4 , 3.128 ,1896,e, 2.393 , 3.867 ,, 51.7 
 51.4 , 3.128 ,1863,e, 2.390 , 3.871 ,, 51.9 
 51.3 , 3.127 ,1771,e, 2.390 , 3.861 ,, 52.0 
 51.4 , 3.129 ,1938,e, 2.393 , 3.868 ,, 52.0 
 51.5 , 3.129 ,1946,e, 2.393 , 3.868 ,, 52.0 
 51.7 , 3.128 ,1977,e, 2.393 , 3.870 ,, 52.1 
 51.7 , 3.128 ,2025,e, 2.394 , 3.872 ,, 52.1 
 51.8 , 3.130 ,2201,e, 2.395 , 3.887 ,, 52.2 
 51.8 , 3.129 ,2115,e, 2.398 , 3.867 ,, 52.3 
 52.0 , 3.129 ,2192,e, 2.395 , 3.885 ,, 52.3 
 52.1 , 3.128 ,2214,e, 2.394 , 3.888 ,, 52.5 
 51.4 , 3.128 ,1855,e, 2.390 , 3.861 ,, 52.7 
 51.3 , 3.128 ,1823,e, 2.390 , 3.856 ,, 52.9 
 75.3 , 3.031 ,2430,e, 2.358 , 3.819 ,, 72.8 
 75.2 , 3.032 ,2460,e, 2.360 , 3.814 ,, 72.9 
 75.0 , 3.030 ,2173,e, 2.354 , 3.805 ,, 73.3 
 74.9 , 3.030 ,2219,e, 2.356 , 3.801 ,, 73.5 
 75.2 , 3.032 ,2540,e, 2.360 , 3.815 ,, 73.6 
 75.3 , 3.032 ,2580,e, 2.361 , 3.816 ,, 73.6 
 75.0 , 3.031 ,2273,e, 2.355 , 3.806 ,, 73.8 
 75.3 , 3.030 ,2300,e, 2.355 , 3.805 ,, 74.2 
 75.1 , 3.031 ,2321,e, 2.355 , 3.806 ,, 74.2 
 75.1 , 3.032 ,2510,e, 2.357 , 3.817 ,, 74.2 
 75.6 , 3.031 ,2597,e, 2.360 , 3.812 ,, 74.5 
 75.1 , 3.031 ,2360,e, 2.353 , 3.811 ,, 74.8 
 75.0 , 3.031 ,2371,e, 2.355 , 3.804 ,, 75.0 
 75.0 , 3.035 ,2764,e, 2.360 , 3.822 ,, 75.1 
 75.0 , 3.032 ,2394,e, 2.355 , 3.804 ,, 75.2 
 74.7 , 3.033 ,2410,e, 2.355 , 3.804 ,, 75.3 
 75.7 , 3.033 ,2834,e, 2.360 , 3.824 ,, 75.6 
 75.3 , 3.033 ,2678,e, 2.358 , 3.812 ,, 76.1 
 73.8 , 3.037 ,2493,e, 2.356 , 3.800 ,, 76.3 
 73.9 , 3.038 ,2681,e, 2.358 , 3.810 ,, 76.3 
 75.7 , 3.030 ,2543,e, 2.356 , 3.800 ,, 76.8 
 76.4 , 3.028 ,2560,e, 2.356 , 3.800 ,, 76.9 
 74.7 , 3.039 ,3153,e, 2.364 , 3.828 ,, 77.2 
 74.3 , 3.039 ,2973,e, 2.362 , 3.816 ,, 77.3 
 75.9 , 3.029 ,2502,e, 2.355 , 3.795 ,, 77.3 
 76.1 , 3.032 ,2962,e, 2.364 , 3.807 ,, 77.4 
 76.4 , 3.028 ,2604,e, 2.358 , 3.792 ,, 77.5 
 74.7 , 3.039 ,2966,e, 2.364 , 3.805 ,, 77.7 
 76.6 , 3.029 ,2707,e, 2.358 , 3.800 ,, 77.7 
 76.2 , 3.029 ,2638,e, 2.357 , 3.795 ,, 77.9 
 76.5 , 3.030 ,2802,e, 2.360 , 3.800 ,, 77.9 
 76.8 , 3.029 ,2883,e, 2.362 , 3.801 ,, 78.0 
 76.8 , 3.029 ,2837,e, 2.361 , 3.799 ,, 78.1 
 76.4 , 3.030 ,2762,e, 2.359 , 3.795 ,, 78.5 
 74.5 , 3.038 ,2894,e, 2.357 , 3.809 ,, 79.0 
 74.3 , 3.038 ,2911,e, 2.357 , 3.810 ,, 79.0 
 73.9 , 3.038 ,2622,e, 2.351 , 3.799 ,, 79.5 
 74.1 , 3.037 ,2679,e, 2.350 , 3.805 ,, 79.8 
 86.9 , 2.995 ,2816,e, 2.343 , 3.799 ,, 84.5 
 86.5 , 2.995 ,2654,e, 2.342 , 3.786 ,, 84.8 
 87.5 , 2.994 ,3078,e, 2.348 , 3.803 ,, 84.9 
 86.5 , 2.995 ,2687,e, 2.342 , 3.787 ,, 85.0 
 86.8 , 2.994 ,2736,e, 2.343 , 3.787 ,, 85.1 
 87.1 , 2.995 ,2936,e, 2.345 , 3.797 ,, 85.2 
 85.0 , 3.003 ,3097,e, 2.348 , 3.800 ,, 85.4 
 85.0 , 3.003 ,3119,e, 2.348 , 3.802 ,, 85.5 
 84.9 , 3.002 ,2929,e, 2.343 , 3.794 ,, 86.3 
 85.0 , 3.002 ,2995,e, 2.343 , 3.797 ,, 86.6 
 85.0 , 3.002 ,3065,e, 2.346 , 3.794 ,, 86.6 
 85.0 , 3.002 ,3068,e, 2.345 , 3.795 ,, 86.9 
 87.2 , 2.996 ,3232,e, 2.348 , 3.790 ,, 88.1 
 97.8 , 2.961 ,2645,e, 2.325 , 3.760 ,, 95.0 
 98.6 , 2.962 ,3151,e, 2.331 , 3.771 ,, 96.3 
 98.2 , 2.961 ,2882,e, 2.326 , 3.762 ,, 96.7 
 98.3 , 2.960 ,2842,e, 2.325 , 3.760 ,, 97.0 
 98.3 , 2.962 ,3076,e, 2.328 , 3.768 ,, 97.2 
 97.9 , 2.960 ,2635,e, 2.321 , 3.755 ,, 97.3 
 98.3 , 2.960 ,2767,e, 2.322 , 3.755 ,, 98.2 
 99.3 , 2.962 ,3521,e, 2.334 , 3.776 ,, 98.5 
 116.0 , 2.915 ,3002,e, 2.303 , 3.722 ,, 114.0 
 116.0 , 2.914 ,2957,e, 2.305 , 3.714 ,, 114.0 
 117.0 , 2.917 ,3841,e, 2.315 , 3.750 ,, 114.0 
 117.0 , 2.911 ,2759,e, 2.300 , 3.710 ,, 115.0 
 116.0 , 2.913 ,2775,e, 2.301 , 3.706 ,, 115.0 
 116.0 , 2.915 ,2920,e, 2.301 , 3.718 ,, 115.0 
 115.0 , 2.917 ,3059,e, 2.303 , 3.719 ,, 115.0 
 114.0 , 2.920 ,3207,e, 2.315 , 3.685 ,, 116.0 
 116.0 , 2.913 ,2775,e, 2.301 , 3.701 ,, 116.0 
 115.0 , 2.918 ,3179,e, 2.303 , 3.721 ,, 116.0 
 117.0 , 2.915 ,3188,e, 2.303 , 3.720 ,, 116.0 
 116.0 , 2.917 ,3347,e, 2.304 , 3.731 ,, 116.0 
 115.0 , 2.920 ,3266,e, 2.315 , 3.685 ,, 117.0 
 115.0 , 2.919 ,3506,e, 2.307 , 3.729 ,, 117.0 
 116.0 , 2.914 ,2890,e, 2.298 , 3.712 ,, 117.0 
 116.0 , 2.917 ,3403,e, 2.305 , 3.728 ,, 117.0 
 118.0 , 2.914 ,3706,e, 2.308 , 3.739 ,, 117.0 
 115.0 , 2.919 ,3370,e, 2.315 , 3.685 ,, 118.0 
 117.0 , 2.915 ,3579,e, 2.305 , 3.735 ,, 118.0 
 115.0 , 2.920 ,3642,e, 2.305 , 3.733 ,, 119.0 
 117.0 , 2.916 ,3692,e, 2.309 , 3.718 ,, 119.0 
 115.0 , 2.920 ,3416,e, 2.308 , 3.697 ,, 120.0 
 128.0 , 2.889 ,3381,e, 2.301 , 3.715 ,, 120.0 
 129.0 , 2.888 ,3532,e, 2.299 , 3.719 ,, 122.0 
 129.0 , 2.887 ,3178,e, 2.290 , 3.710 ,, 124.0 
 128.0 , 2.886 ,2935,e, 2.290 , 3.691 ,, 125.0 
 128.0 , 2.887 ,3109,e, 2.289 , 3.703 ,, 125.0 
 129.0 , 2.889 ,3679,e, 2.301 , 3.704 ,, 125.0 
 129.0 , 2.887 ,3264,e, 2.290 , 3.700 ,, 127.0 
 133.0 , 2.877 ,3276,e, 2.283 , 3.710 ,, 129.0 
 133.0 , 2.878 ,3463,e, 2.288 , 3.705 ,, 129.0 
 135.0 , 2.875 ,3850,e, 2.296 , 3.710 ,, 129.0 
 129.0 , 2.890 ,3961,e, 2.298 , 3.704 ,, 130.0 
 133.0 , 2.875 ,3132,e, 2.280 , 3.705 ,, 130.0 
 134.0 , 2.879 ,3559,e, 2.288 , 3.710 ,, 130.0 
 133.0 , 2.878 ,3575,e, 2.287 , 3.710 ,, 130.0 
 134.0 , 2.879 ,3671,e, 2.289 , 3.711 ,, 130.0 
 129.0 , 2.886 ,3346,e, 2.280 , 3.720 ,, 130.0 
 133.0 , 2.877 ,3083,e, 2.281 , 3.692 ,, 131.0 
 133.0 , 2.879 ,3280,e, 2.283 , 3.702 ,, 131.0 
 128.0 , 2.888 ,3051,e, 2.281 , 3.690 ,, 131.0 
 133.0 , 2.876 ,2725,e, 2.277 , 3.681 ,, 132.0 
 134.0 , 2.877 ,3777,e, 2.289 , 3.706 ,, 132.0 
 136.0 , 2.875 ,4114,e, 2.294 , 3.704 ,, 134.0 
 128.0 , 2.888 ,3020,e, 2.275 , 3.690 ,, 134.0 
 128.0 , 2.888 ,3080,e, 2.275 , 3.688 ,, 135.0 
 127.0 , 2.889 ,2885,e, 2.280 , 3.653 ,, 136.0 
 154.0 , 2.838 ,3411,e, 2.265 , 3.661 ,, 149.0 
 154.0 , 2.837 ,3422,e, 2.266 , 3.653 ,, 151.0 
 156.0 , 2.836 ,4092,e, 2.275 , 3.662 ,, 151.0 
 156.0 , 2.835 ,4057,e, 2.274 , 3.665 ,, 151.0 
 158.0 , 2.833 ,4269,e, 2.278 , 3.657 ,, 153.0 
 156.0 , 2.835 ,4046,e, 2.267 , 3.662 ,, 155.0 
 162.0 , 2.816 ,2624,e, 2.249 , 3.628 ,, 157.0 
 164.0 , 2.815 ,2459,e, 2.245 , 3.619 ,, 160.0 
 163.0 , 2.819 ,2697,e, 2.249 , 3.608 ,, 163.0 
 165.0 , 2.816 ,2887,e, 2.245 , 3.629 ,, 163.0 
 163.0 , 2.817 ,2537,e, 2.248 , 3.597 ,, 164.0 
 164.0 , 2.817 ,2815,e, 2.248 , 3.612 ,, 164.0 
 172.0 , 2.809 ,4389,e, 2.260 , 3.642 ,, 168.0 
 171.0 , 2.810 ,4111,e, 2.257 , 3.616 ,, 171.0 
 180.0 , 2.792 ,3383,e, 2.245 , 3.610 ,, 172.0 
 182.0 , 2.792 ,3834,e, 2.250 , 3.620 ,, 172.0 
 180.0 , 2.792 ,3383,e, 2.245 , 3.605 ,, 173.0 
 181.0 , 2.793 ,4208,e, 2.250 , 3.630 ,, 174.0 
 182.0 , 2.793 ,4316,e, 2.250 , 3.636 ,, 174.0 
 183.0 , 2.792 ,4460,e, 2.253 , 3.636 ,, 174.0 
 180.0 , 2.792 ,3153,e, 2.243 , 3.590 ,, 175.0 
 179.0 , 2.793 ,2981,e, 2.238 , 3.593 ,, 176.0 
 180.0 , 2.792 ,3161,e, 2.242 , 3.590 ,, 176.0 
 179.0 , 2.793 ,3045,e, 2.238 , 3.591 ,, 177.0 
 180.0 , 2.792 ,3128,e, 2.240 , 3.592 ,, 177.0 
 178.0 , 2.794 ,2855,e, 2.234 , 3.591 ,, 178.0 
 177.0 , 2.796 ,2859,e, 2.234 , 3.591 ,, 178.0 
 177.0 , 2.795 ,2912,e, 2.235 , 3.591 ,, 178.0 
 179.0 , 2.794 ,3083,e, 2.236 , 3.595 ,, 178.0 
 178.0 , 2.794 ,2949,e, 2.236 , 3.591 ,, 178.0 
 178.0 , 2.795 ,3087,e, 2.237 , 3.591 ,, 178.0 
 179.0 , 2.794 ,3099,e, 2.237 , 3.592 ,, 178.0 
 180.0 , 2.792 ,3234,e, 2.240 , 3.593 ,, 178.0 
 178.0 , 2.794 ,2911,e, 2.234 , 3.592 ,, 179.0 
 178.0 , 2.794 ,2972,e, 2.235 , 3.591 ,, 179.0 
 177.0 , 2.796 ,2985,e, 2.235 , 3.592 ,, 179.0 
 178.0 , 2.794 ,3012,e, 2.236 , 3.590 ,, 179.0 
 179.0 , 2.792 ,3020,e, 2.236 , 3.590 ,, 179.0 
 179.0 , 2.793 ,3130,e, 2.237 , 3.590 ,, 180.0 
 182.0 , 2.792 ,3982,e, 2.240 , 3.623 ,, 180.0 
 181.0 , 2.793 ,3865,e, 2.238 , 3.613 ,, 182.0 
 182.0 , 2.793 ,4669,e, 2.246 , 3.635 ,, 182.0 
 201.0 , 2.765 ,4562,e, 2.244 , 3.600 ,, 189.0 
 200.0 , 2.766 ,4673,e, 2.239 , 3.599 ,, 194.0 
 204.0 , 2.761 ,4695,e, 2.238 , 3.599 ,, 195.0 
 196.0 , 2.768 ,3381,e, 2.218 , 3.572 ,, 200.0 
 202.0 , 2.761 ,4059,e, 2.225 , 3.575 ,, 202.0 
 204.0 , 2.759 ,4333,e, 2.228 , 3.580 ,, 202.0 
 203.0 , 2.761 ,4162,e, 2.225 , 3.575 ,, 203.0 
 198.0 , 2.766 ,3350,e, 2.213 , 3.572 ,, 204.0 
 204.0 , 2.759 ,4190,e, 2.225 , 3.575 ,, 204.0 
 206.0 , 2.756 ,4083,e, 2.220 , 3.580 ,, 205.0 
 74.3 , 3.038 ,2774,e,,,,
 74.4 , 3.037 ,2875,e,,,,
 74.5 , 3.038 ,2880,e,,,,
 74.6 , 3.037 ,2984,e,,,,
 85.3 , 3.003 ,3286,e,,,,
 75.1 , 3.033 ,2646,e,,,,
 75.4 , 3.033 ,2752,e,,,,
 74.8 , 3.036 ,2880,e,,,,
 74.5 , 3.038 ,2913,e,,,,
 76.1 , 3.030 ,2709,e,,,,
 98.3 , 2.961 ,2894,e,,,,
 98.3 , 2.961 ,2931,e,,,,
 98.8 , 2.961 ,3133,e,,,,
 99.0 , 2.962 ,3353,e,,,,
 99.9 , 2.961 ,3615,e,,,,
 115.0 , 2.920 ,3514,e,,,,
 115.0 , 2.921 ,3846,e,,,,
 117.0 , 2.916 ,3485,e,,,,
 116.0 , 2.917 ,3599,e,,,,
 115.0 , 2.921 ,3602,e,,,,
 117.0 , 2.916 ,3745,e,,,,
 117.0 , 2.916 ,3791,e,,,,
 133.0 , 2.878 ,2837,e,,,,
 132.0 , 2.877 ,2887,e,,,,
 133.0 , 2.877 ,3029,e,,,,
 134.0 , 2.877 ,3165,e,,,,
 136.0 , 2.876 ,3889,e,,,,
 129.0 , 2.887 ,3187,e,,,,
 128.0 , 2.888 ,3319,e,,,,
 129.0 , 2.887 ,3316,e,,,,
 130.0 , 2.886 ,3357,e,,,,
 130.0 , 2.885 ,3470,e,,,,
 130.0 , 2.886 ,3528,e,,,,
 131.0 , 2.884 ,3644,e,,,,
 130.0 , 2.885 ,3626,e,,,,
 131.0 , 2.884 ,3666,e,,,,
 131.0 , 2.884 ,3686,e,,,,
 133.0 , 2.881 ,3922,e,,,,
 133.0 , 2.881 ,4097,e,,,,
 154.0 , 2.836 ,3295,e,,,,
 155.0 , 2.835 ,3256,e,,,,
 156.0 , 2.833 ,3443,e,,,,
 156.0 , 2.834 ,3532,e,,,,
 154.0 , 2.838 ,3685,e,,,,
 155.0 , 2.837 ,3728,e,,,,
 155.0 , 2.837 ,3835,e,,,,
 180.0 , 2.792 ,3286,e,,,,
 180.0 , 2.793 ,3326,e,,,,
 180.0 , 2.792 ,3384,e,,,,
 180.0 , 2.793 ,3469,e,,,,
 180.0 , 2.794 ,3516,e,,,,
 184.0 , 2.790 ,4587,e,,,,
 200.0 , 2.761 ,3207,e,,,,
 197.0 , 2.767 ,3242,e,,,,
 201.0 , 2.761 ,3317,e,,,,
 203.0 , 2.761 ,4073,e,,,,
 204.0 , 2.760 ,4334,e,,,,
 205.0 , 2.760 ,4642,e,,,,
 204.0 , 2.762 ,4923,e,,,,
 164.0 , 2.819 ,2738,e,,,,
 162.0 , 2.816 ,2956,e,,,,
 163.0 , 2.819 ,3156,e,,,,
 166.0 , 2.816 ,3276,e,,,,
 165.0 , 2.816 ,3321,e,,,,
 165.0 , 2.818 ,3364,e,,,,
 166.0 , 2.816 ,3439,e,,,,
 164.0 , 2.819 ,3598,e,,,,
 165.0 , 2.819 ,3806,e,,,,
 51.7 , 3.128 ,2016,e+g, 2.398 , 3.881 , 3.402 , 50.1 
 51.7 , 3.128 ,2026,e+g, 2.398 , 3.882 ,, 50.1 
 51.2 , 3.131 ,2078,e+g, 2.398 , 3.882 ,, 50.6 
 52.2 , 3.129 ,2299,e+g, 2.394 , 3.891 , 3.398 , 53.1 
 52.3 , 3.128 ,2268,e+g, 2.392 , 3.888 , 3.396 , 53.6 
 52.5 , 3.128 ,2378,e+g, 2.400 , 3.860 , 3.395 , 54.8 
 52.5 , 3.129 ,2444,e+g, 2.400 , 3.860 , 3.399 , 55.5 
 76.6 , 3.031 ,3067,e+g, 2.364 , 3.835 ,, 75.5 
 75.2 , 3.036 ,3013,e+g, 2.365 , 3.822 ,, 76.0 
 74.3 , 3.038 ,2979,e+g, 2.366 , 3.810 ,, 76.6 
 76.1 , 3.032 ,2973,e+g, 2.360 , 3.825 ,, 77.0 
 76.7 , 3.031 ,3028,e+g, 2.365 , 3.812 ,, 77.2 
 74.2 , 3.039 ,3113,e+g, 2.362 , 3.822 ,, 78.1 
 74.8 , 3.039 ,3040,e+g, 2.364 , 3.805 ,, 78.5 
 74.4 , 3.039 ,3007,e+g, 2.360 , 3.805 ,, 79.5 
 77.0 , 3.031 ,3164,e+g,,, 3.346 , 79.7 
 74.9 , 3.041 ,3259,e+g, 2.361 , 3.822 ,, 80.0 
 86.8 , 2.999 ,3362,e+g, 2.354 , 3.811 ,, 84.8 
 85.7 , 3.002 ,3374,e+g, 2.352 , 3.812 ,, 85.6 
 85.3 , 3.002 ,3203,e+g, 2.349 , 3.805 ,, 85.6 
 87.0 , 2.997 ,3270,e+g, 2.348 , 3.810 ,, 86.2 
 86.9 , 2.998 ,3272,e+g, 2.350 , 3.801 ,, 86.5 
 85.7 , 3.003 ,3411,e+g, 2.352 , 3.805 ,, 86.8 
 85.1 , 3.004 ,3549,e+g, 2.353 , 3.812 , 3.328 , 87.1 
 85.3 , 3.003 ,3239,e+g, 2.348 , 3.795 ,, 87.6 
 85.6 , 3.003 ,3402,e+g, 2.352 , 3.797 ,, 87.6 
 85.4 , 3.003 ,3309,e+g, 2.348 , 3.790 ,, 88.9 
 86.2 , 3.002 ,3535,e+g, 2.350 , 3.805 ,, 88.9 
 87.5 , 2.996 ,3346,e+g, 2.352 , 3.780 ,, 89.0 
 85.9 , 3.002 ,3454,e+g, 2.342 , 3.785 , 3.329 , 93.4 
 74.2 , 3.038 ,3001,e+g,,,,
 74.7 , 3.039 ,3191,e+g,,,,
 74.1 , 3.039 ,3056,e+g,,,,
 74.7 , 3.041 ,3114,e+g,,,,
 85.8 , 3.002 ,3395,e+g,, 3.813 ,,
 51.9 , 3.128 ,2124,e+g,,,,
 76.6 , 3.031 ,2981,e+g,,,,
 52.2 , 3.129 ,2364,g,,, 3.404 , 52.8 
 52.3 , 3.129 ,2307,g,,, 3.402 , 52.9 
 51.3 , 3.136 ,2502,g,,, 3.407 , 53.1 
 52.3 , 3.129 ,2335,g,,, 3.400 , 53.7 
 52.3 , 3.129 ,2397,g,,, 3.402 , 53.7 
 51.0 , 3.138 ,2520,g,,, 3.405 , 53.9 
 52.9 , 3.131 ,2837,g,,, 3.413 , 54.4 
 52.8 , 3.128 ,2491,g,,, 3.402 , 54.5 
 53.3 , 3.129 ,2813,g,,, 3.412 , 54.5 
 52.7 , 3.130 ,2582,g,,, 3.405 , 54.5 
 52.8 , 3.129 ,2635,g,,, 3.406 , 54.6 
 53.2 , 3.129 ,2757,g,,, 3.410 , 54.6 
 49.9 , 3.147 ,2785,g,,, 3.410 , 54.8 
 52.7 , 3.136 ,3137,g,,, 3.420 , 55.2 
 52.9 , 3.130 ,2704,g,,, 3.406 , 55.3 
 51.7 , 3.136 ,2674,g,,, 3.405 , 55.3 
 53.2 , 3.131 ,2938,g,,, 3.413 , 55.3 
 52.8 , 3.129 ,2596,g,,, 3.402 , 55.5 
 51.7 , 3.137 ,2831,g,,, 3.409 , 55.5 
 52.8 , 3.136 ,3205,g,,, 3.421 , 55.5 
 52.8 , 3.134 ,2994,g,,, 3.414 , 55.6 
 53.0 , 3.128 ,2581,g, 2.394 , 3.866 , 3.400 , 55.9 
 52.8 , 3.134 ,3026,g,,, 3.413 , 56.1 
 52.9 , 3.129 ,2646,g,,, 3.401 , 56.2 
 51.5 , 3.141 ,3031,g,,, 3.410 , 57.0 
 64.7 , 3.078 ,3084,g,,, 3.384 , 65.5 
 64.6 , 3.076 ,2845,g,,, 3.377 , 65.6 
 64.2 , 3.077 ,2772,g,,, 3.375 , 65.7 
 64.4 , 3.076 ,2726,g,,, 3.372 , 66.3 
 64.9 , 3.077 ,3044,g,,, 3.380 , 66.4 
 64.5 , 3.077 ,2877,g,,, 3.374 , 66.9 
 64.1 , 3.077 ,2692,g,,, 3.368 , 67.3 
 64.4 , 3.078 ,2937,g,,, 3.374 , 67.5 
 74.9 , 3.038 ,3105,g,,, 3.355 , 75.7 
 75.7 , 3.037 ,3400,g,,, 3.352 , 75.7 
 76.0 , 3.034 ,3085,g,,, 3.352 , 76.7 
 76.7 , 3.033 ,3261,g,,, 3.344 , 76.7 
 76.8 , 3.032 ,3255,g,,, 3.345 , 76.8 
 77.1 , 3.032 ,3319,g,,, 3.345 , 77.1 
 77.6 , 3.031 ,3425,g,,, 3.350 , 77.6 
 77.8 , 3.030 ,3425,g,,, 3.349 , 77.8 
 75.5 , 3.033 ,3323,g,,, 3.354 , 78.1 
 76.2 , 3.034 ,3191,g,,, 3.350 , 78.4 
 78.7 , 3.026 ,3376,g,,, 3.346 , 78.7 
 75.3 , 3.039 ,3337,g,,, 3.346 , 78.8 
 76.8 , 3.033 ,3400,g,,, 3.352 , 79.5 
 76.9 , 3.037 ,3368,g,,, 3.351 , 79.6 
 75.7 , 3.038 ,3352,g,,, 3.350 , 79.8 
 52.2 , 3.132 ,2556,g,,,,
 53.0 , 3.127 ,2480,g,,,,
 76.5 , 3.033 ,3230,g,,,,